,ID_Distrito,Precio,Descripcion
0,17,850,"Piso En Alquiler En Villaverde, Madrid, Madrid"
1,7,1100,"Piso En Alquiler En Calle Cristobal Bordiu, Ríos Rosas, Chamberí, Madrid, Madrid"
2,4,2000,"Apartamento En Alquiler En Calle Fundadores, Fuente Del Berro, Salamanca, Madrid, Madrid"
3,15,744,"Piso En Alquiler En Calle Pepe Isbert, Pueblo Nuevo, Ciudad Lineal, Madrid, Madrid"
4,13,750,"Estudio En Alquiler En Calle Embalse De Navacerrada, Ensanche De Vallecas, Villa De Vallecas-Ensanche Y Santa Eugenia, Madrid, Madrid"
5,13,750,"Piso En Alquiler En Avenida Ensanche De Vallecas, Ensanche De Vallecas, Villa De Vallecas-Ensanche Y Santa Eugenia, Madrid, Madrid"
6,21,790,"Estudio En Alquiler En Calle Duque, Casco Histórico De Barajas, Barajas, Madrid, Madrid"
7,21,790,"Estudio En Alquiler En Calle Duque, Casco Histórico De Barajas, Barajas, Madrid, Madrid"
8,13,800,"Piso En Alquiler En Avenida Buenos Aires, Palomeras Bajas, Puente De Vallecas, Madrid, Madrid"
9,20,850,"Piso En Alquiler En Calle Castillo De Simancas, Simancas, San Blas-Canillejas, Madrid, Madrid"
10,2,900,"Piso En Alquiler En Calle Embajadores, Delicias, Arganzuela, Madrid, Madrid"
11,6,900,"Estudio En Alquiler En Calle Alonso Castrillo, Castillejos, Tetuán, Madrid, Madrid"
12,7,950,"Estudio En Alquiler En Calle Virtudes , Almagro, Chamberí, Madrid, Madrid"
13,9,950,"Piso En Alquiler En Madrid, Madrid"
14,2,980,"Piso En Alquiler En Calle Caceres, Delicias, Arganzuela, Madrid, Madrid"
15,10,980,"Piso En Alquiler En Calle General Millan Astray, Las Águilas, Latina, Madrid, Madrid"
16,6,1000,"Piso En Alquiler En Calle Juan De Olías, Tetuán, Madrid, Madrid"
17,17,1000,"Dúplex En Alquiler En Calle Laguna Del Marquesado, San Cristóbal, Villaverde, Madrid, Madrid"
18,16,1000,"Piso En Alquiler En Calle Cervera, Pinar Del Rey, Hortaleza, Madrid, Madrid"
19,10,1000,"Piso En Alquiler En Calle Antonio Zamora, 34, Puerta Del Ángel, Latina, Madrid, Madrid"
20,8,1045,"Piso En Alquiler En Carretera Fuencarral Alcobendas, Valverde, Fuencarral-El Pardo, Madrid, Madrid"
21,3,1050,"Piso En Alquiler En Paseo Reina Cristina, Jerónimos, Retiro, Madrid, Madrid"
22,10,1050,"Piso En Alquiler En Calle Rafael Finat, Las Águilas, Latina, Madrid, Madrid"
23,8,1100,"Piso En Alquiler En Calle Chantada, Pilar, Fuencarral-El Pardo, Madrid, Madrid"
24,1,1100,"Piso En Alquiler En Calle De La Magdalena, Embajadores, Centro, Madrid, Madrid"
25,1,1100,"Apartamento En Alquiler En Calle Conde Duque, Universidad, Centro, Madrid, Madrid"
26,2,1100,"Piso En Alquiler En Calle Embajadores, Delicias, Arganzuela, Madrid, Madrid"
27,20,1100,"Piso En Alquiler En Calle Nectar, Canillejas, San Blas-Canillejas, Madrid, Madrid"
28,10,1100,"Piso En Alquiler En Calle Carlina, Lucero, Latina, Madrid, Madrid"
29,11,1100,"Piso En Alquiler En Calle Cuart De Poblet, Vista Alegre, Carabanchel, Madrid, Madrid"
30,16,1200,"Piso En Alquiler En Calle Princesa De Eboli, Sanchinarro-Valdefuentes, Hortaleza, Madrid, Madrid"
31,8,1200,"Piso En Alquiler En Plaza Mondariz, Pilar, Fuencarral-El Pardo, Madrid, Madrid"
32,10,1200,"Piso En Alquiler En Calle Camarena, Aluche, Latina, Madrid, Madrid"
33,17,1200,"Dúplex En Alquiler En Calle Laguna Del Marquesado, San Cristóbal, Villaverde, Madrid, Madrid"
34,10,1200,"Piso En Alquiler En Calle Juan Tornero, 46, Puerta Del Ángel, Latina, Madrid, Madrid"
35,5,1250,"Piso En Alquiler En Calle Lopez De Hoyos, Prosperidad, Chamartín, Madrid, Madrid"
36,16,1250,"Piso En Alquiler En Travesia Cañas, Hortaleza, Madrid, Madrid"
37,10,1280,"Piso En Alquiler En Paseo Extremadura, 11, Puerta Del Ángel, Latina, Madrid, Madrid"
38,16,1290,"Piso En Alquiler En Calle Pintor Antonio Saura, Sanchinarro-Valdefuentes, Hortaleza, Madrid, Madrid"
39,9,1300,"Piso En Alquiler En Moncloa-Aravaca, Madrid, Madrid"
40,2,1300,"Piso En Alquiler En Calle Cáceres, Delicias, Arganzuela, Madrid, Madrid"
41,6,1300,"Piso En Alquiler En Calle Reina Mercedes, Cuatro Caminos, Tetuán, Madrid, Madrid"
42,4,1300,"Piso En Alquiler En Calle Cartagena, Guindalera, Salamanca, Madrid, Madrid"
43,16,1300,"Piso En Alquiler En Calle Emiliano Barral, Hortaleza, Madrid, Madrid"
44,8,1350,"Piso En Alquiler En Calle Castiello De Jaca, Valverde, Fuencarral-El Pardo, Madrid, Madrid"
45,15,1400,"Piso En Alquiler En Calle San Telesforo, Pueblo Nuevo, Ciudad Lineal, Madrid, Madrid"
46,1,1400,"Piso En Alquiler En Embajadores, Centro, Madrid, Madrid"
47,2,1400,"Piso En Alquiler En Calle Juan Sebastian Elcano, Palos De Moguer, Arganzuela, Madrid, Madrid"
48,2,1400,"Piso En Alquiler En Paseo De Las Delicias, Delicias, Arganzuela, Madrid, Madrid"
49,4,1400,"Piso En Alquiler En Calle Agustin Duran, Guindalera, Salamanca, Madrid, Madrid"
50,16,1400,"Piso En Alquiler En Calle Santa Virgilia, Pinar Del Rey, Hortaleza, Madrid, Madrid"
51,8,1470,"Piso En Alquiler En Avenida Monasterio De El Escorial, Montecarmelo, Fuencarral-El Pardo, Madrid, Madrid"
52,4,1500,"Piso En Alquiler En Calle Sancho Dávila, Fuente Del Berro, Salamanca, Madrid, Madrid"
53,4,1500,"Piso En Alquiler En Calle Camilo Jose Cela, Guindalera, Salamanca, Madrid, Madrid"
54,1,1500,"Dúplex En Alquiler En Calle Amor De Dios, Cortes, Centro, Madrid, Madrid"
55,7,1500,"Piso En Alquiler En Paseo San Francisco De Sales, Vallehermoso, Chamberí, Madrid, Madrid"
56,5,1500,"Piso En Alquiler En Calle Clara Del Rey, Prosperidad, Chamartín, Madrid, Madrid"
57,8,1500,"Piso En Alquiler En Calle Poblacion De Campos, Valverde, Fuencarral-El Pardo, Madrid, Madrid"
58,7,1500,"Piso En Alquiler En Calle Escosura, Arapiles, Chamberí, Madrid, Madrid"
59,5,1500,"Piso En Alquiler En Calle Colombia, Hispanoamérica, Chamartín, Madrid, Madrid"
60,10,1500,"Piso En Alquiler En Paseo Extremadura, Puerta Del Ángel, Latina, Madrid, Madrid"
61,8,1530,"Piso En Alquiler En Calle Obanos, Valverde, Fuencarral-El Pardo, Madrid, Madrid"
62,8,1550,"Piso En Alquiler En Calle Redecilla Del Camino, Valverde, Fuencarral-El Pardo, Madrid, Madrid"
63,3,1600,"Piso En Alquiler En Calle Doctor Esquerdo, Niño Jesús, Retiro, Madrid, Madrid"
64,8,1600,"Piso En Alquiler En Calle Redecilla Del Camino, Valverde, Fuencarral-El Pardo, Madrid, Madrid"
65,8,1600,"Piso En Alquiler En Calle Viloria De La Rioja, Fuencarral-El Pardo, Madrid, Madrid"
66,6,1600,"Piso En Alquiler En Calle Lerida, Cuatro Caminos, Tetuán, Madrid, Madrid"
67,8,1625,"Piso En Alquiler En Calle Sierra De Atapuerca, Valverde, Fuencarral-El Pardo, Madrid, Madrid"
68,5,1650,"Piso En Alquiler En Calle Clara Del Rey, Prosperidad, Chamartín, Madrid, Madrid"
69,15,1750,"Piso En Alquiler En Calle Caleruega, Costillares, Ciudad Lineal, Madrid, Madrid"
70,16,1750,"Piso En Alquiler En Avenida Ramon Y Cajal, Hortaleza, Madrid, Madrid"
71,6,1800,"Piso En Alquiler En Paseo De La Castellana, Almenara, Tetuán, Madrid, Madrid"
72,6,1800,"Piso En Alquiler En Avenida General Perón, Cuatro Caminos, Tetuán, Madrid, Madrid"
73,5,1800,"Piso En Alquiler En Calle Costa Rica, Chamartín, Madrid, Madrid"
74,1,1850,"Piso En Alquiler En Calle Monteleon, Universidad, Centro, Madrid, Madrid"
75,7,1850,"Piso En Alquiler En Calle General Alvarez De Castro, Trafalgar, Chamberí, Madrid, Madrid"
76,7,1900,"Piso En Alquiler En Calle Espronceda, Ríos Rosas, Chamberí, Madrid, Madrid"
77,4,1900,"Piso En Alquiler En Calle Lagasca, Castellana, Salamanca, Madrid, Madrid"
78,5,2000,"Piso En Alquiler En Calle Corazón De María, Prosperidad, Chamartín, Madrid, Madrid"
79,3,2085,"Piso En Alquiler En Calle Fernán Gonzalez, Ibiza, Retiro, Madrid, Madrid"
80,3,2085,"Piso En Alquiler En Calle Fernán Gonzalez, Ibiza, Retiro, Madrid, Madrid"
81,5,2100,"Piso En Alquiler En Calle Nicaragua, Hispanoamérica, Chamartín, Madrid, Madrid"
82,4,2200,"Piso En Alquiler En Avenida Bruselas, Guindalera, Salamanca, Madrid, Madrid"
83,3,2200,"Ático En Alquiler En Calle Doctor Esquerdo, Estrella, Retiro, Madrid, Madrid"
84,5,2250,"Piso En Alquiler En Prosperidad, Chamartín, Madrid, Madrid"
85,3,2300,"Piso En Alquiler En Calle Fernán Gonzalez, Ibiza, Retiro, Madrid, Madrid"
86,3,2300,"Piso En Alquiler En Calle Ibiza, Ibiza, Retiro, Madrid, Madrid"
87,3,2300,"Piso En Alquiler En Calle Fernán Gonzalez, Ibiza, Retiro, Madrid, Madrid"
88,3,2400,"Piso En Alquiler En Calle Fernan Gonzalez, Retiro, Madrid, Madrid"
89,3,2400,"Piso En Alquiler En Calle Fernán Gonzalez, Ibiza, Retiro, Madrid, Madrid"
90,3,2400,"Piso En Alquiler En Calle Fernán Gonzalez, Ibiza, Retiro, Madrid, Madrid"
91,3,2400,"Piso En Alquiler En Calle Fernán Gonzalez, Ibiza, Retiro, Madrid, Madrid"
92,3,2450,"Piso En Alquiler En Calle Jesús Aprendiz, Niño Jesús, Retiro, Madrid, Madrid"
93,6,2500,"Piso En Alquiler En Avenida Presidente Carmona, Tetuán, Madrid, Madrid"
94,4,2500,"Piso En Alquiler En Calle Povedilla, Goya, Salamanca, Madrid, Madrid"
95,9,2650,"Piso En Alquiler En Calle Francisco Lozano, Argüelles, Moncloa-Aravaca, Madrid, Madrid"
96,3,2700,"Piso En Alquiler En Paseo Reina Cristina, Jerónimos, Retiro, Madrid, Madrid"
97,4,2900,"Piso En Alquiler En Calle Diego De Leon, Lista, Salamanca, Madrid, Madrid"
98,9,3000,"Piso En Alquiler En Calle Tutor, Argüelles, Moncloa-Aravaca, Madrid, Madrid"
99,20,3570,"Chalet En Alquiler En Calle General Aranaz, San Blas-Canillejas, Madrid, Madrid"
100,7,4200,"Piso En Alquiler En Calle Almagro, Almagro, Chamberí, Madrid, Madrid"
101,7,4200,"Piso En Alquiler En Calle General Arrando, Almagro, Chamberí, Madrid, Madrid"
102,5,700,"Estudio En Alquiler En Calle Doctor Fléming, Nueva España, Chamartín, Madrid, Madrid"
103,9,750,"Piso En Alquiler En Calle Martín De Los Heros, Argüelles, Moncloa-Aravaca, Madrid, Madrid"
104,7,850,"Piso En Alquiler En Calle Ponzano, Almagro, Chamberí, Madrid, Madrid"
105,11,850,"Piso En Alquiler En Plaza Barbatain, Puerta Bonita, Carabanchel, Madrid, Madrid"
106,7,900,"Piso En Alquiler En Calle Angel Llorca, Vallehermoso, Chamberí, Madrid, Madrid"
107,7,900,"Estudio En Alquiler En Calle Cea Bermudez, Arapiles, Chamberí, Madrid, Madrid"
108,5,950,"Piso En Alquiler En Calle Puerto Rico, Hispanoamérica, Chamartín, Madrid, Madrid"
109,7,1000,"Piso En Alquiler En Calle Treviño, Ríos Rosas, Chamberí, Madrid, Madrid"
110,8,1000,"Piso En Alquiler En Plaza Carballo, Pilar, Fuencarral-El Pardo, Madrid, Madrid"
111,1,1000,"Apartamento En Alquiler En Calle San Bernardo, Universidad, Centro, Madrid, Madrid"
112,1,1000,"Piso En Alquiler En Calle Madera, Universidad, Centro, Madrid, Madrid"
113,15,1000,"Piso En Alquiler En Calle San Secundino, Ventas, Ciudad Lineal, Madrid, Madrid"
114,7,1000,"Piso En Alquiler En Calle Virtudes, Almagro, Chamberí, Madrid, Madrid"
115,13,1000,"Piso En Alquiler En Calle Frida Kahlo, Ensanche De Vallecas, Villa De Vallecas-Ensanche Y Santa Eugenia, Madrid, Madrid"
116,7,1050,"Piso En Alquiler En Calle Feijoo, Chamberí, Madrid, Madrid"
117,1,1100,"Piso En Alquiler En Calle Pez, Universidad, Centro, Madrid, Madrid"
118,7,1150,"Piso En Alquiler En Calle Ponzano, Ríos Rosas, Chamberí, Madrid, Madrid"
119,7,1200,"Piso En Alquiler En Calle Santa Engracia, Ríos Rosas, Chamberí, Madrid, Madrid"
120,1,1200,"Piso En Alquiler En Calle Palma, Universidad, Centro, Madrid, Madrid"
121,5,1200,"Piso En Alquiler En Avenida Alberto Alcocer, Nueva España, Chamartín, Madrid, Madrid"
122,5,1250,"Piso En Alquiler En Calle Santiago Bernabeu, Hispanoamérica, Chamartín, Madrid, Madrid"
123,1,1300,"Piso En Alquiler En Calle Atocha, Cortes, Centro, Madrid, Madrid"
124,4,1300,"Piso En Alquiler En Calle Diego De Leon, Lista, Salamanca, Madrid, Madrid"
125,7,1300,"Piso En Alquiler En Calle Max Aub, Vallehermoso, Chamberí, Madrid, Madrid"
126,7,1350,"Piso En Alquiler En Calle Lozoya, Chamberí, Madrid, Madrid"
127,16,1350,"Piso En Alquiler En Calle Santa Virgilia, Pinar Del Rey, Hortaleza, Madrid, Madrid"
128,8,1400,"Piso En Alquiler En Calle Villa De Marin, Pilar, Fuencarral-El Pardo, Madrid, Madrid"
129,7,1400,"Piso En Alquiler En Avenida Del Valle, Vallehermoso, Chamberí, Madrid, Madrid"
130,7,1400,"Piso En Alquiler En Avenida Reina Victoria, Vallehermoso, Chamberí, Madrid, Madrid"
131,1,1450,"Piso En Alquiler En Calle San Dimas, Universidad, Centro, Madrid, Madrid"
132,7,1550,"Piso En Alquiler En Calle Cristobal Bordiu, Ríos Rosas, Chamberí, Madrid, Madrid"
133,5,1600,"Piso En Alquiler En Calle Victor De La Serna , Chamartín, Madrid, Madrid"
134,7,1650,"Piso En Alquiler En Avenida Pablo Iglesias, Vallehermoso, Chamberí, Madrid, Madrid"
135,7,1650,"Piso En Alquiler En Calle Donoso Cortes, Arapiles, Chamberí, Madrid, Madrid"
136,7,1700,"Piso En Alquiler En Calle Bravo Murillo, Ríos Rosas, Chamberí, Madrid, Madrid"
137,4,1800,"Piso En Alquiler En Plaza América Española, Fuente Del Berro, Salamanca, Madrid, Madrid"
138,4,1800,"Piso En Alquiler En Calle Bocangel, Fuente Del Berro, Salamanca, Madrid, Madrid"
139,7,1800,"Piso En Alquiler En Avenida Reina Victoria, Vallehermoso, Chamberí, Madrid, Madrid"
140,7,1900,"Piso En Alquiler En Calle Andres Mellado, Vallehermoso, Chamberí, Madrid, Madrid"
141,7,1900,"Piso En Alquiler En Calle Fernando El Catolico, Chamberí, Madrid, Madrid"
142,7,1950,"Piso En Alquiler En Calle Ramiro Ii, Vallehermoso, Chamberí, Madrid, Madrid"
143,2,1950,"Piso En Alquiler En Calle Mendez Alvaro, Delicias, Arganzuela, Madrid, Madrid"
144,7,1950,"Piso En Alquiler En Calle Eloy Gonzalo, Trafalgar, Chamberí, Madrid, Madrid"
145,7,1995,"Piso En Alquiler En Calle Garcia De Paredes, Almagro, Chamberí, Madrid, Madrid"
146,4,2350,"Piso En Alquiler En Calle Antonio Toledano, 4, Fuente Del Berro, Salamanca, Madrid, Madrid"
147,7,2400,"Piso En Alquiler En Calle Vargas, Ríos Rosas, Chamberí, Madrid, Madrid"
148,7,2500,"Piso En Alquiler En Calle Rafael Calvo, Almagro, Chamberí, Madrid, Madrid"
149,4,550,"Piso En Alquiler En Calle Hermosilla, 101, Goya, Salamanca, Madrid, Madrid"
150,13,600,"Piso En Alquiler En Calle Marismas, Nueva Numancia, Puente De Vallecas, Madrid, Madrid"
151,5,600,"Piso En Alquiler En Calle Nicaragua, Hispanoamérica, Chamartín, Madrid, Madrid"
152,5,600,"Estudio En Alquiler En Calle Fuente Del Saz , Hispanoamérica, Chamartín, Madrid, Madrid"
153,1,650,"Apartamento En Alquiler En Calle Libertad, Justicia, Centro, Madrid, Madrid"
154,13,650,"Apartamento En Alquiler En Calle Virgen, Palomeras Bajas, Puente De Vallecas, Madrid, Madrid"
155,2,650,"Estudio En Venta En Paseo De Las Delicias, Delicias, Arganzuela, Madrid, Madrid"
156,5,650,"Estudio En Alquiler En Calle Bolivia, Nueva España, Chamartín, Madrid, Madrid"
157,9,690,"Piso En Alquiler En Calle Buen Suceso, Argüelles, Moncloa-Aravaca, Madrid, Madrid"
158,1,700,"Apartamento En Alquiler En Calle Tesoro, Universidad, Centro, Madrid, Madrid"
159,2,700,"Piso En Alquiler En Calle Arquitectura, Acacias, Arganzuela, Madrid, Madrid"
160,7,700,"Estudio En Alquiler En Calle Joaquin Maria Lopez, Gaztambide, Chamberí, Madrid, Madrid"
161,13,700,"Piso En Alquiler En Casco Histórico De Vallecas, Villa De Vallecas-Ensanche Y Santa Eugenia, Madrid, Madrid"
162,13,700,"Piso En Alquiler En Calle Embalse De Navacerrada, Ensanche De Vallecas, Villa De Vallecas-Ensanche Y Santa Eugenia, Madrid, Madrid"
163,13,700,"Piso En Alquiler En Calle Rio Salado, Portazgo, Puente De Vallecas, Madrid, Madrid"
164,13,700,"Piso En Alquiler En Avenida Pablo Neruda, Portazgo, Puente De Vallecas, Madrid, Madrid"
165,13,700,"Piso En Alquiler En Calle Pico Mampodre, Casco Histórico De Vallecas, Villa De Vallecas-Ensanche Y Santa Eugenia, Madrid, Madrid"
166,8,700,"Piso En Alquiler En Calle Isla De Arosa, Peñagrande, Fuencarral-El Pardo, Madrid, Madrid"
167,10,700,"Estudio En Alquiler En Calle Industria, 42, Puerta Del Ángel, Latina, Madrid, Madrid"
168,9,720,"Piso En Alquiler En Calle Martín De Los Heros, Argüelles, Moncloa-Aravaca, Madrid, Madrid"
169,13,725,"Piso En Alquiler En Calle Adolfo Bioy Casares, Ensanche De Vallecas, Villa De Vallecas-Ensanche Y Santa Eugenia, Madrid, Madrid"
170,7,750,"Estudio En Alquiler En Calle Santa Engracia, Ríos Rosas, Chamberí, Madrid, Madrid"
171,1,750,"Apartamento En Alquiler En Calle San Lorenzo, Justicia, Centro, Madrid, Madrid"
172,2,750,"Piso En Alquiler En Calle Martin De Vargas, Acacias, Arganzuela, Madrid, Madrid"
173,5,750,"Piso En Alquiler En Calle Costa Rica, Nueva España, Chamartín, Madrid, Madrid"
174,11,750,"Piso En Alquiler En Calle Alejandro Sanchez, Opañel, Carabanchel, Madrid, Madrid"
175,8,750,"Piso En Alquiler En Valverde, Fuencarral-El Pardo, Madrid, Madrid"
176,9,750,"Piso En Alquiler En Calle Rey Francisco, Argüelles, Moncloa-Aravaca, Madrid, Madrid"
177,13,760,"Piso En Alquiler En Calle Puerto Del Milagro, Palomeras Bajas, Puente De Vallecas, Madrid, Madrid"
178,2,780,"Piso En Alquiler En Calle Caceres, Delicias, Arganzuela, Madrid, Madrid"
179,13,780,"Apartamento En Alquiler En Carretera Villaverde A Vallecas, Casco Histórico De Vallecas, Villa De Vallecas-Ensanche Y Santa Eugenia, Madrid, Madrid"
180,8,790,"Piso En Alquiler En Plaza Carballo, Pilar, Fuencarral-El Pardo, Madrid, Madrid"
181,7,790,"Estudio En Alquiler En Calle Alonso Cano, Almagro, Chamberí, Madrid, Madrid"
182,13,790,"Dúplex En Alquiler En Avenida Gran Via Del Sureste, Ensanche De Vallecas, Villa De Vallecas-Ensanche Y Santa Eugenia, Madrid, Madrid"
183,2,800,"Estudio En Alquiler En Calle Mazarredo, Imperial, Arganzuela, Madrid, Madrid"
184,16,800,"Estudio En Alquiler En Avenida Francisco Pi Y Margall, Sanchinarro-Valdefuentes, Hortaleza, Madrid, Madrid"
185,8,800,"Piso En Alquiler En Avenida Betanzos, Pilar, Fuencarral-El Pardo, Madrid, Madrid"
186,8,800,"Piso En Alquiler En Pilar, Fuencarral-El Pardo, Madrid, Madrid"
187,1,800,"Piso En Alquiler En Calle Minas, Universidad, Centro, Madrid, Madrid"
188,1,800,"Apartamento En Alquiler En Calle San Marcos, Justicia, Centro, Madrid, Madrid"
189,2,800,"Piso En Alquiler En Paseo De Las Acacias, Acacias, Arganzuela, Madrid, Madrid"
190,4,800,"Piso En Alquiler En Calle General Oraá, Castellana, Salamanca, Madrid, Madrid"
191,7,800,"Estudio En Alquiler En Calle Zurbano, Almagro, Chamberí, Madrid, Madrid"
192,1,800,"Piso En Alquiler En Madrid, Madrid"
193,13,800,"Piso En Alquiler En Calle Barranco Del Novillo, Ensanche De Vallecas, Villa De Vallecas-Ensanche Y Santa Eugenia, Madrid, Madrid"
194,11,800,"Piso En Alquiler En Buenavista, Carabanchel, Madrid, Madrid"
195,10,800,"Piso En Alquiler En Aluche, Latina, Madrid, Madrid"
196,8,800,"Piso En Alquiler En Calle Sarria, Pilar, Fuencarral-El Pardo, Madrid, Madrid"
197,13,800,"Piso En Alquiler En Calle Diligencia, Palomeras Bajas, Puente De Vallecas, Madrid, Madrid"
198,9,800,"Piso En Alquiler En Calle Juan Alvarez Mendizabal, Moncloa-Aravaca, Madrid, Madrid"
199,16,800,"Piso En Alquiler En Calle Mar Caspio, Pinar Del Rey, Hortaleza, Madrid, Madrid"
200,16,820,"Ático En Alquiler En Calle Isabel Clara Eugenia, Sanchinarro-Valdefuentes, Hortaleza, Madrid, Madrid"
201,7,830,"Estudio En Alquiler En Paseo General Martinez Campos, Almagro, Chamberí, Madrid, Madrid"
202,13,850,"Piso En Alquiler En Calle Picos De Europa, Nueva Numancia, Puente De Vallecas, Madrid, Madrid"
203,7,850,"Piso En Alquiler En Calle Cristobal Bordiu, Ríos Rosas, Chamberí, Madrid, Madrid"
204,10,850,"Piso En Alquiler En Paseo De Olivos, Puerta Del Ángel, Latina, Madrid, Madrid"
205,8,850,"Piso En Alquiler En Calle Ginzo De Limia, Pilar, Fuencarral-El Pardo, Madrid, Madrid"
206,8,850,"Piso En Alquiler En Calle Melchor Fernández Almagro, Pilar, Fuencarral-El Pardo, Madrid, Madrid"
207,1,850,"Piso En Alquiler En Calle Abades, Embajadores, Centro, Madrid, Madrid"
208,1,850,"Estudio En Alquiler En Calle Abades, Embajadores, Centro, Madrid, Madrid"
209,1,850,"Apartamento En Alquiler En Calle Pelayo, Justicia, Centro, Madrid, Madrid"
210,1,850,"Apartamento En Alquiler En Calle San Lorenzo, Justicia, Centro, Madrid, Madrid"
211,6,850,"Piso En Alquiler En Calle Carlos Latorre, 4, Cuatro Caminos, Tetuán, Madrid, Madrid"
212,7,850,"Piso En Alquiler En Calle Guzman El Bueno, Vallehermoso, Chamberí, Madrid, Madrid"
213,13,850,"Piso En Alquiler En Casco Histórico De Vallecas, Villa De Vallecas-Ensanche Y Santa Eugenia, Madrid, Madrid"
214,13,850,"Piso En Alquiler En Villa De Vallecas-Ensanche Y Santa Eugenia, Madrid, Madrid"
215,13,850,"Piso En Alquiler En Avenida Ensanche De Vallecas, Ensanche De Vallecas, Villa De Vallecas-Ensanche Y Santa Eugenia, Madrid, Madrid"
216,13,850,"Piso En Alquiler En Avenida Las Suertes, Ensanche De Vallecas, Villa De Vallecas-Ensanche Y Santa Eugenia, Madrid, Madrid"
217,2,850,"Piso En Alquiler En Calle Caceres, Delicias, Arganzuela, Madrid, Madrid"
218,2,850,"Piso En Alquiler En Calle Caceres, Delicias, Arganzuela, Madrid, Madrid"
219,6,850,"Estudio En Alquiler En Calle Juan De Olias, Cuatro Caminos, Tetuán, Madrid, Madrid"
220,6,850,"Piso En Alquiler En Calle Juan De Olias, Cuatro Caminos, Tetuán, Madrid, Madrid"
221,11,850,"Piso En Alquiler En Calle Piqueñas, Buenavista, Carabanchel, Madrid, Madrid"
222,10,850,"Piso En Alquiler En Calle Valmojado, Aluche, Latina, Madrid, Madrid"
223,20,850,"Piso En Alquiler En Calle San Narciso, Canillejas, San Blas-Canillejas, Madrid, Madrid"
224,10,850,"Piso En Alquiler En Calle Soledad Cazorla, Las Águilas, Latina, Madrid, Madrid"
225,20,850,"Piso En Alquiler En Calle Longares, San Blas-Canillejas, Madrid, Madrid"
226,17,850,"Piso En Alquiler En Calle Jose Maria Lozano Sainz, Los Ángeles, Villaverde, Madrid, Madrid"
227,17,850,"Piso En Alquiler En Calle Jose Maria Lozano Sainz, Los Ángeles, Villaverde, Madrid, Madrid"
228,11,850,"Piso En Alquiler En Calle Antonio Moreno, Opañel, Carabanchel, Madrid, Madrid"
229,11,850,"Piso En Alquiler En Buenavista, Carabanchel, Madrid, Madrid"
230,1,850,"Piso En Alquiler En Madrid, Madrid"
231,20,850,"Piso En Alquiler En Arcos, San Blas-Canillejas, Madrid, Madrid"
232,13,850,"Piso En Alquiler En Calle Virgen De Las Viñas, Santa Eugenia, Villa De Vallecas-Ensanche Y Santa Eugenia, Madrid, Madrid"
233,13,850,"Piso En Alquiler En Calle Sierra Vieja, Casco Histórico De Vallecas, Villa De Vallecas-Ensanche Y Santa Eugenia, Madrid, Madrid"
234,8,850,"Piso En Alquiler En Valverde, Fuencarral-El Pardo, Madrid, Madrid"
235,9,850,"Piso En Alquiler En Calle Juan Alvarez De Mendizabal, Argüelles, Moncloa-Aravaca, Madrid, Madrid"
236,7,850,"Estudio En Alquiler En Calle Cea Bermudez, Arapiles, Chamberí, Madrid, Madrid"
237,4,850,"Estudio En Alquiler En Calle Cartagena, Guindalera, Salamanca, Madrid, Madrid"
238,16,850,"Piso En Alquiler En Calle Mar De Oman, Pinar Del Rey, Hortaleza, Madrid, Madrid"
239,16,850,"Piso En Alquiler En Plaza Doctor Calvo Perez, Pinar Del Rey, Hortaleza, Madrid, Madrid"
240,8,870,"Piso En Alquiler En Valverde, Fuencarral-El Pardo, Madrid, Madrid"
241,4,875,"Apartamento En Alquiler En Calle Sancho Dávila, Fuente Del Berro, Salamanca, Madrid, Madrid"
242,7,880,"Estudio En Alquiler En Calle Gaztambide, Gaztambide, Chamberí, Madrid, Madrid"
243,7,890,"Piso En Alquiler En Calle Robledillo, Ríos Rosas, Chamberí, Madrid, Madrid"
244,1,890,"Piso En Alquiler En Calle Minas, Universidad, Centro, Madrid, Madrid"
245,9,890,"Estudio En Alquiler En Moncloa-Aravaca, Madrid, Madrid"
246,7,895,"Estudio En Alquiler En Calle Garcia De Paredes, Trafalgar, Chamberí, Madrid, Madrid"
247,13,900,"Piso En Alquiler En Calle Antonio Durán Tovar, Portazgo, Puente De Vallecas, Madrid, Madrid"
248,4,900,"Piso En Alquiler En Calle Sancho Dávila, Fuente Del Berro, Salamanca, Madrid, Madrid"
249,1,900,"Piso En Alquiler En Calle De La Esperanza, Embajadores, Centro, Madrid, Madrid"
250,1,900,"Apartamento En Alquiler En Calle San Bernardo, Universidad, Centro, Madrid, Madrid"
251,1,900,"Estudio En Alquiler En Calle San Vicente Ferrer, Universidad, Centro, Madrid, Madrid"
252,1,900,"Apartamento En Alquiler En Calle De Las Infantas, Justicia, Centro, Madrid, Madrid"
253,2,900,"Piso En Alquiler En Paseo De Las Yeserias, Acacias, Arganzuela, Madrid, Madrid"
254,7,900,"Piso En Alquiler En Calle Rodriguez San Pedro, Gaztambide, Chamberí, Madrid, Madrid"
255,3,900,"Piso En Alquiler En Calle Andres Torrejon, Jerónimos, Retiro, Madrid, Madrid"
256,1,900,"Piso En Alquiler En Calle Manuela Malasaña, Universidad, Centro, Madrid, Madrid"
257,10,900,"Piso En Alquiler En Calle Ocaña, Aluche, Latina, Madrid, Madrid"
258,2,900,"Piso En Alquiler En Calle Caceres, Delicias, Arganzuela, Madrid, Madrid"
259,6,900,"Piso En Alquiler En Calle Lerida, Cuatro Caminos, Tetuán, Madrid, Madrid"
260,6,900,"Estudio En Alquiler En Calle Orense, Cuatro Caminos, Tetuán, Madrid, Madrid"
261,6,900,"Estudio En Alquiler En Calle Orense, Cuatro Caminos, Tetuán, Madrid, Madrid"
262,6,900,"Estudio En Alquiler En Calle Orense, Cuatro Caminos, Tetuán, Madrid, Madrid"
263,6,900,"Estudio En Alquiler En Calle Orense, Cuatro Caminos, Tetuán, Madrid, Madrid"
264,5,900,"Piso En Alquiler En Calle Costa Rica, Chamartín, Madrid, Madrid"
265,11,900,"Piso En Alquiler En Buenavista, Carabanchel, Madrid, Madrid"
266,16,900,"Piso En Alquiler En Plaza Monterrey, Apóstol Santiago, Hortaleza, Madrid, Madrid"
267,8,900,"Piso En Alquiler En Calle Puerto De Maspalomas, Pilar, Fuencarral-El Pardo, Madrid, Madrid"
268,13,900,"Piso En Alquiler En Calle Puentelarra, Santa Eugenia, Villa De Vallecas-Ensanche Y Santa Eugenia, Madrid, Madrid"
269,13,900,"Piso En Alquiler En Calle Sierra Vieja, Casco Histórico De Vallecas, Villa De Vallecas-Ensanche Y Santa Eugenia, Madrid, Madrid"
270,16,900,"Piso En Alquiler En Calle Totana, Pinar Del Rey, Hortaleza, Madrid, Madrid"
271,9,900,"Piso En Alquiler En Calle Princesa, Argüelles, Moncloa-Aravaca, Madrid, Madrid"
272,4,900,"Piso En Alquiler En Calle Montesa, Goya, Salamanca, Madrid, Madrid"
273,16,900,"Piso En Alquiler En Calle Guaimaral, Pinar Del Rey, Hortaleza, Madrid, Madrid"
274,20,900,"Piso En Alquiler En Calle Castillo De Peñafiel, Simancas, San Blas-Canillejas, Madrid, Madrid"
275,6,925,"Estudio En Alquiler En Calle Pedro Teixeira, Cuatro Caminos, Tetuán, Madrid, Madrid"
276,10,930,"Piso En Alquiler En Aluche, Latina, Madrid, Madrid"
277,13,950,"Piso En Alquiler En Calle Teniente Muñoz Díaz, Portazgo, Puente De Vallecas, Madrid, Madrid"
278,10,950,"Piso En Alquiler En Calle Federico Mayo, Puerta Del Ángel, Latina, Madrid, Madrid"
279,8,950,"Piso En Alquiler En Plaza Fonsagrada, Pilar, Fuencarral-El Pardo, Madrid, Madrid"
280,8,950,"Piso En Alquiler En Plaza Arteijo, Pilar, Fuencarral-El Pardo, Madrid, Madrid"
281,8,950,"Piso En Alquiler En Calle Ginzo De Limia, Pilar, Fuencarral-El Pardo, Madrid, Madrid"
282,8,950,"Piso En Alquiler En Plaza Padron, Pilar, Fuencarral-El Pardo, Madrid, Madrid"
283,1,950,"Piso En Alquiler En Calle Tesoro, Universidad, Centro, Madrid, Madrid"
284,1,950,"Apartamento En Alquiler En Calle Palma, Universidad, Centro, Madrid, Madrid"
285,1,950,"Piso En Alquiler En Calle Montserrat, Universidad, Centro, Madrid, Madrid"
286,1,950,"Piso En Alquiler En Calle Montserrat, Universidad, Centro, Madrid, Madrid"
287,13,950,"Piso En Alquiler En Casco Histórico De Vallecas, Villa De Vallecas-Ensanche Y Santa Eugenia, Madrid, Madrid"
288,13,950,"Piso En Alquiler En Avenida De La Gavia, Ensanche De Vallecas, Villa De Vallecas-Ensanche Y Santa Eugenia, Madrid, Madrid"
289,13,950,"Piso En Alquiler En Avenida Las Suertes, Ensanche De Vallecas, Villa De Vallecas-Ensanche Y Santa Eugenia, Madrid, Madrid"
290,13,950,"Ático En Alquiler En Calle Barranco Del Novillo, Ensanche De Vallecas, Villa De Vallecas-Ensanche Y Santa Eugenia, Madrid, Madrid"
291,6,950,"Piso En Alquiler En Calle Aquilino Dominguez, Cuatro Caminos, Tetuán, Madrid, Madrid"
292,5,950,"Piso En Alquiler En Avenida Alberto Alcocer, Nueva España, Chamartín, Madrid, Madrid"
293,5,950,"Piso En Alquiler En Calle Maestro Chapi, Chamartín, Madrid, Madrid"
294,5,950,"Piso En Alquiler En Calle Nicaragua, Chamartín, Madrid, Madrid"
295,5,950,"Piso En Alquiler En Calle Arquitecto Gaudi, Chamartín, Madrid, Madrid"
296,11,950,"Piso En Alquiler En Avenida Carabanchel Alto, Buenavista, Carabanchel, Madrid, Madrid"
297,14,950,"Piso En Alquiler En Calle Avenida Moratalaz, Fontarrón, Moratalaz, Madrid, Madrid"
298,20,950,"Piso En Alquiler En Arcos, San Blas-Canillejas, Madrid, Madrid"
299,11,950,"Apartamento En Alquiler En Calle Alcaraván, Carabanchel, Madrid, Madrid"
300,13,950,"Piso En Alquiler En Calle Real De Arganda, Casco Histórico De Vallecas, Villa De Vallecas-Ensanche Y Santa Eugenia, Madrid, Madrid"
301,8,950,"Piso En Alquiler En Valverde, Fuencarral-El Pardo, Madrid, Madrid"
302,16,950,"Piso En Alquiler En Calle Santa Virgilia, Pinar Del Rey, Hortaleza, Madrid, Madrid"
303,20,950,"Piso En Alquiler En Calle Zumel, Simancas, San Blas-Canillejas, Madrid, Madrid"
304,10,950,"Piso En Alquiler En Paseo Extremadura, 94, Puerta Del Ángel, Latina, Madrid, Madrid"
305,4,975,"Piso En Alquiler En Calle Jorge Juan, 153, Fuente Del Berro, Salamanca, Madrid, Madrid"
306,11,975,"Piso En Alquiler En Calle Portalegre, Opañel, Carabanchel, Madrid, Madrid"
307,16,980,"Piso En Alquiler En Calle Alcalde Henche De La Plata, Sanchinarro-Valdefuentes, Hortaleza, Madrid, Madrid"
308,14,980,"Piso En Alquiler En Calle Cañada, Fontarrón, Moratalaz, Madrid, Madrid"
309,10,980,"Piso En Alquiler En Calle Adanero, Campamento, Latina, Madrid, Madrid"
310,8,990,"Piso En Alquiler En Plaza Carballo, Pilar, Fuencarral-El Pardo, Madrid, Madrid"
311,16,1000,"Piso En Alquiler En Calle Infanta Maria, Sanchinarro-Valdefuentes, Hortaleza, Madrid, Madrid"
312,10,1000,"Piso En Alquiler En Paseo De Extremadura, Puerta Del Ángel, Latina, Madrid, Madrid"
313,10,1000,"Piso En Alquiler En Calle Sepulveda, Lucero, Latina, Madrid, Madrid"
314,1,1000,"Piso En Alquiler En Calle Del Hospital, Embajadores, Centro, Madrid, Madrid"
315,5,1000,"Piso En Alquiler En Calle Canillas, Prosperidad, Chamartín, Madrid, Madrid"
316,1,1000,"Estudio En Alquiler En Calle Dos Amigos, Universidad, Centro, Madrid, Madrid"
317,1,1000,"Piso En Alquiler En Calle Escorial, Universidad, Centro, Madrid, Madrid"
318,1,1000,"Estudio En Alquiler En Calle San Bernardo, Universidad, Centro, Madrid, Madrid"
319,1,1000,"Piso En Alquiler En Calle Tesoro, Universidad, Centro, Madrid, Madrid"
320,7,1000,"Apartamento En Alquiler En Calle Galileo, Arapiles, Chamberí, Madrid, Madrid"
321,7,1000,"Apartamento En Alquiler En Calle Galileo, Arapiles, Chamberí, Madrid, Madrid"
322,7,1000,"Estudio En Alquiler En Calle Fernandez De La Hoz , Almagro, Chamberí, Madrid, Madrid"
323,13,1000,"Piso En Alquiler En Calle Antonio Gades, Ensanche De Vallecas, Villa De Vallecas-Ensanche Y Santa Eugenia, Madrid, Madrid"
324,2,1000,"Piso En Alquiler En Paseo Delicias, Delicias, Arganzuela, Madrid, Madrid"
325,6,1000,"Estudio En Alquiler En Calle Orense, Cuatro Caminos, Tetuán, Madrid, Madrid"
326,6,1000,"Estudio En Alquiler En Calle Orense, Cuatro Caminos, Tetuán, Madrid, Madrid"
327,6,1000,"Piso En Venta En Calle Juan De Olías, Cuatro Caminos, Tetuán, Madrid, Madrid"
328,5,1000,"Apartamento En Alquiler En Avenida Alfonso Xiii, Nueva España, Chamartín, Madrid, Madrid"
329,5,1000,"Piso En Alquiler En Avenida Alberto Alcocer, Nueva España, Chamartín, Madrid, Madrid"
330,5,1000,"Piso En Alquiler En Calle Torpedero Tucuman, Nueva España, Chamartín, Madrid, Madrid"
331,16,1000,"Piso En Alquiler En Calle Purchena , Apóstol Santiago, Hortaleza, Madrid, Madrid"
332,10,1000,"Piso En Alquiler En Calle Camarena, Aluche, Latina, Madrid, Madrid"
333,17,1000,"Piso En Alquiler En Calle Laguna Del Marquesado, San Cristóbal, Villaverde, Madrid, Madrid"
334,8,1000,"Piso En Alquiler En Pilar, Fuencarral-El Pardo, Madrid, Madrid"
335,13,1000,"Piso En Alquiler En Calle Maquinilla, Casco Histórico De Vallecas, Villa De Vallecas-Ensanche Y Santa Eugenia, Madrid, Madrid"
336,9,1000,"Piso En Alquiler En Calle Benito Gutiérrez, Argüelles, Moncloa-Aravaca, Madrid, Madrid"
337,12,1000,"Piso En Alquiler En Usera, Madrid, Madrid"
338,4,1000,"Piso En Alquiler En Calle Azcona, Guindalera, Salamanca, Madrid, Madrid"
339,4,1000,"Piso En Alquiler En Calle Mejico, Guindalera, Salamanca, Madrid, Madrid"
340,16,1035,"Piso En Alquiler En Calle Isabel Clara Eugenia, Sanchinarro-Valdefuentes, Hortaleza, Madrid, Madrid"
341,16,1050,"Piso En Alquiler En Avenida Isabel De Valois, Sanchinarro-Valdefuentes, Hortaleza, Madrid, Madrid"
342,4,1050,"Piso En Alquiler En Calle Rufino Blanco, Fuente Del Berro, Salamanca, Madrid, Madrid"
343,5,1050,"Piso En Alquiler En Calle Padre Jesus Ordoñez, Prosperidad, Chamartín, Madrid, Madrid"
344,9,1050,"Dúplex En Alquiler En Moncloa-Aravaca, Madrid, Madrid"
345,5,1050,"Piso En Alquiler En Calle Doctor Fleming, Nueva España, Chamartín, Madrid, Madrid"
346,5,1050,"Piso En Alquiler En Calle Puerto Rico, Nueva España, Chamartín, Madrid, Madrid"
347,5,1050,"Piso En Alquiler En Calle Costa Rica, Chamartín, Madrid, Madrid"
348,8,1050,"Apartamento En Alquiler En Pilar, Fuencarral-El Pardo, Madrid, Madrid"
349,19,1050,"Piso En Alquiler En Calle Pergamino, Vicálvaro-Ambroz-Centro-Valdebernardo-Valderribas, Madrid, Madrid"
350,5,1050,"Piso En Alquiler En Calle Talavera, Hispanoamérica, Chamartín, Madrid, Madrid"
351,13,1080,"Piso En Alquiler En Calle Puentedey, Ensanche De Vallecas, Villa De Vallecas-Ensanche Y Santa Eugenia, Madrid, Madrid"
352,10,1090,"Piso En Venta En Calle Jose De Cadalso, Las Águilas, Latina, Madrid, Madrid"
353,1,1100,"Piso En Alquiler En Calle Mediodia Grande, Palacio, Centro, Madrid, Madrid"
354,16,1100,"Piso En Alquiler En Calle Infanta Maria, Sanchinarro-Valdefuentes, Hortaleza, Madrid, Madrid"
355,16,1100,"Piso En Alquiler En Calle Isabel De Valois, Sanchinarro-Valdefuentes, Hortaleza, Madrid, Madrid"
356,16,1100,"Piso En Alquiler En Calle Niceto Alcalá Zamora, Sanchinarro-Valdefuentes, Hortaleza, Madrid, Madrid"
357,7,1100,"Piso En Alquiler En Calle Santa Engracia, Ríos Rosas, Chamberí, Madrid, Madrid"
358,8,1100,"Piso En Alquiler En Plaza Tuy, Pilar, Fuencarral-El Pardo, Madrid, Madrid"
359,1,1100,"Piso En Alquiler En Calle Atocha, Cortes, Centro, Madrid, Madrid"
360,5,1100,"Piso En Alquiler En Calle Canillas, Prosperidad, Chamartín, Madrid, Madrid"
361,1,1100,"Piso En Alquiler En Calle Amaniel, Universidad, Centro, Madrid, Madrid"
362,1,1100,"Piso En Alquiler En Calle Valverde, Universidad, Centro, Madrid, Madrid"
363,1,1100,"Piso En Alquiler En Calle Churruca, Justicia, Centro, Madrid, Madrid"
364,4,1100,"Piso En Alquiler En Calle De Nuñez De Balboa, Castellana, Salamanca, Madrid, Madrid"
365,7,1100,"Piso En Alquiler En Calle Donoso Cortes, Gaztambide, Chamberí, Madrid, Madrid"
366,1,1100,"Piso En Alquiler En Calle San Hermenegildo, Universidad, Centro, Madrid, Madrid"
367,7,1100,"Piso En Alquiler En Calle Sagunto, Trafalgar, Chamberí, Madrid, Madrid"
368,5,1100,"Piso En Alquiler En Calle Clara Del Rey, Prosperidad, Chamartín, Madrid, Madrid"
369,7,1100,"Estudio En Alquiler En Calle Zurbaran, Almagro, Chamberí, Madrid, Madrid"
370,13,1100,"Piso En Alquiler En Calle Congosto, Casco Histórico De Vallecas, Villa De Vallecas-Ensanche Y Santa Eugenia, Madrid, Madrid"
371,8,1100,"Piso En Alquiler En Calle Obanos, Fuencarral-El Pardo, Madrid, Madrid"
372,8,1100,"Piso En Alquiler En Calle Fromista, Valverde, Fuencarral-El Pardo, Madrid, Madrid"
373,13,1100,"Piso En Alquiler En Calle Cardenal Vicente Enrique Y Tarancon, Ensanche De Vallecas, Villa De Vallecas-Ensanche Y Santa Eugenia, Madrid, Madrid"
374,13,1100,"Piso En Alquiler En Avenida Las Suertes, Ensanche De Vallecas, Villa De Vallecas-Ensanche Y Santa Eugenia, Madrid, Madrid"
375,2,1100,"Piso En Alquiler En Calle Ciudad Real, Delicias, Arganzuela, Madrid, Madrid"
376,2,1100,"Piso En Alquiler En Calle Batalla Del Salado, Delicias, Arganzuela, Madrid, Madrid"
377,2,1100,"Apartamento En Alquiler En Calle Tomás Borrás, Legazpi, Arganzuela, Madrid, Madrid"
378,6,1100,"Piso En Alquiler En Calle Ávila, Cuatro Caminos, Tetuán, Madrid, Madrid"
379,5,1100,"Piso En Alquiler En Calle Doctor Fleming, Nueva España, Chamartín, Madrid, Madrid"
380,5,1100,"Piso En Alquiler En Calle Colombia, Hispanoamérica, Chamartín, Madrid, Madrid"
381,5,1100,"Apartamento En Alquiler En Calle Felix Boix, Nueva España, Chamartín, Madrid, Madrid"
382,10,1100,"Piso En Alquiler En Calle Tembleque, Aluche, Latina, Madrid, Madrid"
383,10,1100,"Piso En Alquiler En Las Águilas, Latina, Madrid, Madrid"
384,10,1100,"Piso En Alquiler En Calle Blas Cabrera, Las Águilas, Latina, Madrid, Madrid"
385,20,1100,"Piso En Alquiler En Avenida Niza, Rosas, San Blas-Canillejas, Madrid, Madrid"
386,17,1100,"Piso En Alquiler En Calle Jose Maria Lozano Sainz, Los Ángeles, Villaverde, Madrid, Madrid"
387,9,1100,"Piso En Alquiler En Avenida Juan Andrés, Valdezarza, Moncloa-Aravaca, Madrid, Madrid"
388,13,1100,"Ático En Alquiler En Calle Villamayor De Santiago, Ensanche De Vallecas, Villa De Vallecas-Ensanche Y Santa Eugenia, Madrid, Madrid"
389,9,1100,"Piso En Alquiler En Calle Martín De Los Heros, Argüelles, Moncloa-Aravaca, Madrid, Madrid"
390,9,1100,"Piso En Alquiler En Calle Benito Gutiérrez, Argüelles, Moncloa-Aravaca, Madrid, Madrid"
391,4,1100,"Piso En Alquiler En Calle Francisco Navacerrada, Guindalera, Salamanca, Madrid, Madrid"
392,4,1100,"Piso En Alquiler En Calle Ferrer Del Rio, Guindalera, Salamanca, Madrid, Madrid"
393,5,1100,"Piso En Alquiler En Avenida Ramon Y Cajal, Hispanoamérica, Chamartín, Madrid, Madrid"
394,5,1100,"Piso En Alquiler En Calle Colombia, Hispanoamérica, Chamartín, Madrid, Madrid"
395,5,1100,"Piso En Alquiler En Calle Colombia, Hispanoamérica, Chamartín, Madrid, Madrid"
396,16,1100,"Piso En Alquiler En Calle Tolima, Pinar Del Rey, Hortaleza, Madrid, Madrid"
397,16,1150,"Piso En Alquiler En Calle Americo Castro, Sanchinarro-Valdefuentes, Hortaleza, Madrid, Madrid"
398,7,1150,"Piso En Alquiler En Calle Rios Rosas, Ríos Rosas, Chamberí, Madrid, Madrid"
399,10,1150,"Piso En Alquiler En Plaza Santa Teresita, Puerta Del Ángel, Latina, Madrid, Madrid"
400,8,1150,"Piso En Alquiler En Plaza Arteijo, Pilar, Fuencarral-El Pardo, Madrid, Madrid"
401,4,1150,"Piso En Alquiler En Calle Hermosilla, Fuente Del Berro, Salamanca, Madrid, Madrid"
402,1,1150,"Apartamento En Alquiler En Calle Marques De Santa Ana, Universidad, Centro, Madrid, Madrid"
403,1,1150,"Piso En Alquiler En Madrid, Madrid"
404,5,1150,"Apartamento En Alquiler En Calle Felix Boix, Chamartín, Madrid, Madrid"
405,5,1150,"Piso En Alquiler En Calle Doctor Fleming, Nueva España, Chamartín, Madrid, Madrid"
406,11,1150,"Piso En Alquiler En Calle Camino Viejo De Leganés, Opañel, Carabanchel, Madrid, Madrid"
407,10,1150,"Ático En Alquiler En Calle Sebastian Alvaro, Campamento, Latina, Madrid, Madrid"
408,7,1150,"Piso En Alquiler En Calle Bravo Murillo, Arapiles, Chamberí, Madrid, Madrid"
409,5,1150,"Piso En Alquiler En Calle Pintor Ribera, Hispanoamérica, Chamartín, Madrid, Madrid"
410,16,1150,"Piso En Alquiler En Calle Barichara, Pinar Del Rey, Hortaleza, Madrid, Madrid"
411,16,1200,"Ático En Alquiler En Calle Cardenal Tavera, Sanchinarro-Valdefuentes, Hortaleza, Madrid, Madrid"
412,7,1200,"Piso En Alquiler En Calle Cristobal Bordiu, Ríos Rosas, Chamberí, Madrid, Madrid"
413,8,1200,"Piso En Alquiler En Calle Melchor Fernández Almagro, Pilar, Fuencarral-El Pardo, Madrid, Madrid"
414,1,1200,"Dúplex En Alquiler En Calle Provisiones, Embajadores, Centro, Madrid, Madrid"
415,4,1200,"Piso En Alquiler En Calle Doctor Esquerdo, Fuente Del Berro, Salamanca, Madrid, Madrid"
416,1,1200,"Piso En Alquiler En Calle Espiritu Santo, Universidad, Centro, Madrid, Madrid"
417,1,1200,"Piso En Alquiler En Calle Tesoro, Universidad, Centro, Madrid, Madrid"
418,1,1200,"Piso En Alquiler En Calle Madera, Universidad, Centro, Madrid, Madrid"
419,1,1200,"Piso En Alquiler En Calle Santa Barbara, Universidad, Centro, Madrid, Madrid"
420,1,1200,"Piso En Alquiler En Calle Palma, Universidad, Centro, Madrid, Madrid"
421,9,1200,"Piso En Alquiler En Moncloa-Aravaca, Madrid, Madrid"
422,2,1200,"Piso En Alquiler En Calle Peñuelas, Acacias, Arganzuela, Madrid, Madrid"
423,2,1200,"Piso En Alquiler En Paseo De La Esperanza , Acacias, Arganzuela, Madrid, Madrid"
424,7,1200,"Piso En Alquiler En Calle Fernandez De Los Rios, Gaztambide, Chamberí, Madrid, Madrid"
425,7,1200,"Piso En Alquiler En Calle Juan Montalvo, Vallehermoso, Chamberí, Madrid, Madrid"
426,1,1200,"Piso En Alquiler En Calle Acuerdo, Universidad, Centro, Madrid, Madrid"
427,8,1200,"Piso En Alquiler En Calle Isabel Colbrand, Valverde, Fuencarral-El Pardo, Madrid, Madrid"
428,8,1200,"Piso En Alquiler En Calle Castiello De Jaca, Valverde, Fuencarral-El Pardo, Madrid, Madrid"
429,10,1200,"Piso En Alquiler En Calle Ocaña, Aluche, Latina, Madrid, Madrid"
430,2,1200,"Piso En Alquiler En Calle Embajadores, Delicias, Arganzuela, Madrid, Madrid"
431,2,1200,"Piso En Alquiler En Calle Caceres, Delicias, Arganzuela, Madrid, Madrid"
432,2,1200,"Piso En Alquiler En Calle Divino Valles, Chopera, Arganzuela, Madrid, Madrid"
433,6,1200,"Piso En Alquiler En Calle Juan De Olias, Cuatro Caminos, Tetuán, Madrid, Madrid"
434,6,1200,"Piso En Alquiler En Calle Juan De Olias, Cuatro Caminos, Tetuán, Madrid, Madrid"
435,5,1200,"Piso En Alquiler En Calle Puerto Rico, Nueva España, Chamartín, Madrid, Madrid"
436,5,1200,"Piso En Alquiler En Calle Doctor Fleming, Chamartín, Madrid, Madrid"
437,5,1200,"Piso En Alquiler En Calle Bolivia, Nueva España, Chamartín, Madrid, Madrid"
438,5,1200,"Piso En Alquiler En Plaza Peru, Chamartín, Madrid, Madrid"
439,5,1200,"Piso En Alquiler En Calle Costa Rica, Hispanoamérica, Chamartín, Madrid, Madrid"
440,5,1200,"Piso En Alquiler En Calle Doctor Fleming, Nueva España, Chamartín, Madrid, Madrid"
441,16,1200,"Piso En Alquiler En Calle Trinquete, Apóstol Santiago, Hortaleza, Madrid, Madrid"
442,17,1200,"Dúplex En Alquiler En Calle Laguna Del Marquesado, San Cristóbal, Villaverde, Madrid, Madrid"
443,11,1200,"Piso En Alquiler En Calle Jacobinia, Vista Alegre, Carabanchel, Madrid, Madrid"
444,11,1200,"Piso En Alquiler En Calle Patrimonio De La Humanidad, Pau De Carabanchel, Carabanchel, Madrid, Madrid"
445,19,1200,"Piso En Venta En Calle Campo De La Torre, Casco Histórico De Vicálvaro, Vicálvaro-Ambroz-Centro-Valdebernardo-Valderribas, Madrid, Madrid"
446,13,1200,"Piso En Alquiler En Palomeras Bajas, Puente De Vallecas, Madrid, Madrid"
447,16,1200,"Piso En Alquiler En Calle Trefacio, Canillas, Hortaleza, Madrid, Madrid"
448,7,1200,"Piso En Alquiler En Calle Bravo Murillo, Trafalgar, Chamberí, Madrid, Madrid"
449,7,1200,"Piso En Alquiler En Calle Garcia De Paredes, Trafalgar, Chamberí, Madrid, Madrid"
450,1,1200,"Piso En Alquiler En Madrid, Madrid"
451,4,1200,"Piso En Alquiler En Calle Cartagena, Guindalera, Salamanca, Madrid, Madrid"
452,4,1200,"Piso En Alquiler En Calle Londres, Guindalera, Salamanca, Madrid, Madrid"
453,5,1200,"Piso En Alquiler En Calle Víctor De La Serna, Hispanoamérica, Chamartín, Madrid, Madrid"
454,16,1225,"Piso En Alquiler En Calle Pintor Lucio Muñoz, Sanchinarro-Valdefuentes, Hortaleza, Madrid, Madrid"
455,1,1225,"Piso En Alquiler En Calle San Bartolome, Justicia, Centro, Madrid, Madrid"
456,13,1240,"Piso En Alquiler En Calle Antonio Gades, Ensanche De Vallecas, Villa De Vallecas-Ensanche Y Santa Eugenia, Madrid, Madrid"
457,15,1250,"Piso En Alquiler En Calle Portugalete, Pueblo Nuevo, Ciudad Lineal, Madrid, Madrid"
458,1,1250,"Piso En Alquiler En Madrid, Madrid"
459,7,1250,"Piso En Alquiler En Avenida Pablo Iglesias, Ríos Rosas, Chamberí, Madrid, Madrid"
460,5,1250,"Piso En Alquiler En Prosperidad, Chamartín, Madrid, Madrid"
461,8,1250,"Piso En Alquiler En Calle Castiello De Jaca, Valverde, Fuencarral-El Pardo, Madrid, Madrid"
462,8,1250,"Piso En Alquiler En Calle Castillo De Candanchu, Valverde, Fuencarral-El Pardo, Madrid, Madrid"
463,2,1250,"Piso En Alquiler En Calle Juan De Vera, Delicias, Arganzuela, Madrid, Madrid"
464,5,1250,"Piso En Alquiler En Plaza Republica Dominicana, Chamartín, Madrid, Madrid"
465,5,1250,"Piso En Alquiler En Avenida Alberto Alcocer, Hispanoamérica, Chamartín, Madrid, Madrid"
466,5,1250,"Piso En Alquiler En Calle Colombia, Chamartín, Madrid, Madrid"
467,5,1250,"Piso En Alquiler En Avenida Alberto Alcocer, Hispanoamérica, Chamartín, Madrid, Madrid"
468,11,1250,"Piso En Alquiler En Avenida Abrantes, Opañel, Carabanchel, Madrid, Madrid"
469,19,1250,"Piso En Alquiler En Bulevar Jose Prat, Vicálvaro-Ambroz-Centro-Valdebernardo-Valderribas, Madrid, Madrid"
470,8,1250,"Piso En Alquiler En Calle Ramon Gomez De La Serna, Peñagrande, Fuencarral-El Pardo, Madrid, Madrid"
471,5,1250,"Piso En Alquiler En Calle Drácena, Hispanoamérica, Chamartín, Madrid, Madrid"
472,5,1250,"Piso En Alquiler En Avenida Ramon Y Cajal, Hispanoamérica, Chamartín, Madrid, Madrid"
473,1,1275,"Apartamento En Alquiler En Calle Hortaleza, Justicia, Centro, Madrid, Madrid"
474,2,1290,"Piso En Alquiler En Calle Párroco Eusebio Cuenca, Delicias, Arganzuela, Madrid, Madrid"
475,16,1299,"Piso En Alquiler En Calle Isabel Clara Eugenia, Sanchinarro-Valdefuentes, Hortaleza, Madrid, Madrid"
476,16,1299,"Piso En Alquiler En Calle Ana De Austria, Sanchinarro-Valdefuentes, Hortaleza, Madrid, Madrid"
477,16,1300,"Piso En Alquiler En Calle Princesa De Eboli, Sanchinarro-Valdefuentes, Hortaleza, Madrid, Madrid"
478,16,1300,"Ático En Alquiler En Calle Vicente Blasco Ibañez, Sanchinarro-Valdefuentes, Hortaleza, Madrid, Madrid"
479,16,1300,"Piso En Alquiler En Calle Isabel Clara Eugenia, Sanchinarro-Valdefuentes, Hortaleza, Madrid, Madrid"
480,16,1300,"Piso En Venta En Calle Alcalde Redondo Aceña, Sanchinarro-Valdefuentes, Hortaleza, Madrid, Madrid"
481,7,1300,"Piso En Alquiler En Calle Breton De Los Herreros, Ríos Rosas, Chamberí, Madrid, Madrid"
482,1,1300,"Piso En Alquiler En Calle Jesús Y María, Embajadores, Centro, Madrid, Madrid"
483,2,1300,"Piso En Alquiler En Calle San Anastasio, Acacias, Arganzuela, Madrid, Madrid"
484,7,1300,"Piso En Alquiler En Calle Fernandez De Los Ríos, Madrid, Madrid"
485,7,1300,"Piso En Alquiler En Calle Fernando El Catolico, Gaztambide, Chamberí, Madrid, Madrid"
486,7,1300,"Piso En Alquiler En Calle Gaztambide, Gaztambide, Chamberí, Madrid, Madrid"
487,2,1300,"Piso En Alquiler En Calle Caceres, Delicias, Arganzuela, Madrid, Madrid"
488,2,1300,"Piso En Alquiler En Calle Parroco Eusebio Cuenca, Delicias, Arganzuela, Madrid, Madrid"
489,2,1300,"Piso En Alquiler En Calle Alicante, Delicias, Arganzuela, Madrid, Madrid"
490,2,1300,"Piso En Alquiler En Calle Tomas Borras, Chopera, Arganzuela, Madrid, Madrid"
491,6,1300,"Piso En Alquiler En Avenida General Peron, Cuatro Caminos, Tetuán, Madrid, Madrid"
492,5,1300,"Piso En Alquiler En Calle Principe De Vergara, Hispanoamérica, Chamartín, Madrid, Madrid"
493,5,1300,"Piso En Alquiler En Calle Costa Rica, Chamartín, Madrid, Madrid"
494,5,1300,"Piso En Alquiler En Calle Costa Rica, Chamartín, Madrid, Madrid"
495,20,1300,"Piso En Alquiler En Calle Suecia, Rosas, San Blas-Canillejas, Madrid, Madrid"
496,8,1300,"Piso En Alquiler En Calle La Bañeza, Pilar, Fuencarral-El Pardo, Madrid, Madrid"
497,9,1300,"Piso En Alquiler En Calle Quintana, Argüelles, Moncloa-Aravaca, Madrid, Madrid"
498,9,1300,"Piso En Alquiler En Calle Martín De Los Heros, Argüelles, Moncloa-Aravaca, Madrid, Madrid"
499,9,1300,"Piso En Alquiler En Calle Martín De Los Heros, Argüelles, Moncloa-Aravaca, Madrid, Madrid"
500,8,1300,"Piso En Alquiler En Calle Monasterio De Montesclaros, Montecarmelo, Fuencarral-El Pardo, Madrid, Madrid"
501,7,1300,"Piso En Alquiler En Calle Lozoya, Chamberí, Madrid, Madrid"
502,4,1300,"Piso En Alquiler En Calle Fuente Del Berro , Goya, Salamanca, Madrid, Madrid"
503,15,1350,"Piso En Alquiler En Calle San Telesforo, Pueblo Nuevo, Ciudad Lineal, Madrid, Madrid"
504,7,1350,"Piso En Alquiler En Calle Santa Engracia, Ríos Rosas, Chamberí, Madrid, Madrid"
505,10,1350,"Piso En Alquiler En Calle Antonio Gistau, Puerta Del Ángel, Latina, Madrid, Madrid"
506,8,1350,"Piso En Alquiler En Calle Ribadavia, Pilar, Fuencarral-El Pardo, Madrid, Madrid"
507,5,1350,"Piso En Alquiler En Calle Malcampo, Prosperidad, Chamartín, Madrid, Madrid"
508,5,1350,"Piso En Alquiler En Chamartín, Madrid, Madrid"
509,4,1350,"Piso En Alquiler En Calle Pinar, Castellana, Salamanca, Madrid, Madrid"
510,1,1350,"Piso En Alquiler En Calle Ruiz, Universidad, Centro, Madrid, Madrid"
511,7,1350,"Piso En Alquiler En Calle Eguilaz, Trafalgar, Chamberí, Madrid, Madrid"
512,5,1350,"Piso En Alquiler En Plaza Republica Dominicana, Nueva España, Chamartín, Madrid, Madrid"
513,5,1350,"Piso En Alquiler En Calle Colombia, Nueva España, Chamartín, Madrid, Madrid"
514,8,1350,"Piso En Alquiler En Calle Puerto De Maspalomas, Pilar, Fuencarral-El Pardo, Madrid, Madrid"
515,9,1350,"Piso En Alquiler En Calle Princesa , Argüelles, Moncloa-Aravaca, Madrid, Madrid"
516,7,1350,"Piso En Alquiler En Calle Donoso Cortes, Arapiles, Chamberí, Madrid, Madrid"
517,7,1350,"Piso En Alquiler En Calle General Alvarez De Castro, Chamberí, Madrid, Madrid"
518,5,1350,"Piso En Alquiler En Avenida Concha Espina, Hispanoamérica, Chamartín, Madrid, Madrid"
519,16,1350,"Piso En Alquiler En Calle Mar De Aral, Pinar Del Rey, Hortaleza, Madrid, Madrid"
520,1,1375,"Piso En Alquiler En Calle San Bernardo, Universidad, Centro, Madrid, Madrid"
521,5,1390,"Piso En Alquiler En Calle Puerto Rico, Nueva España, Chamartín, Madrid, Madrid"
522,16,1400,"Piso En Alquiler En Calle Infante Diego, Sanchinarro-Valdefuentes, Hortaleza, Madrid, Madrid"
523,1,1400,"Piso En Alquiler En Calle De La Esperanza, Embajadores, Centro, Madrid, Madrid"
524,1,1400,"Piso En Alquiler En Calle Velarde, Universidad, Centro, Madrid, Madrid"
525,9,1400,"Piso En Alquiler En Moncloa-Aravaca, Madrid, Madrid"
526,6,1400,"Piso En Alquiler En Calle San Aquilino, Almenara, Tetuán, Madrid, Madrid"
527,9,1400,"Piso En Alquiler En Calle Fernando El Católico, Argüelles, Moncloa-Aravaca, Madrid, Madrid"
528,7,1400,"Piso En Alquiler En Calle Marques De Lema, Vallehermoso, Chamberí, Madrid, Madrid"
529,7,1400,"Piso En Alquiler En Calle Miguel Angel, 19, Almagro, Chamberí, Madrid, Madrid"
530,2,1400,"Piso En Alquiler En Paseo De Las Delicias, Delicias, Arganzuela, Madrid, Madrid"
531,10,1400,"Piso En Alquiler En Calle Villaviciosa, Campamento, Latina, Madrid, Madrid"
532,3,1400,"Piso En Alquiler En Calle Abtao, Pacífico, Retiro, Madrid, Madrid"
533,7,1400,"Piso En Alquiler En Calle Vallehermoso, Arapiles, Chamberí, Madrid, Madrid"
534,5,1400,"Piso En Alquiler En Calle Víctor De La Serna, Hispanoamérica, Chamartín, Madrid, Madrid"
535,4,1400,"Piso En Alquiler En Calle Doctor Esquerdo, Goya, Salamanca, Madrid, Madrid"
536,10,1400,"Piso En Alquiler En Paseo Marques De Monistrol, 7, Puerta Del Ángel, Latina, Madrid, Madrid"
537,19,1440,"Ático En Alquiler En Calle Imperio Argentina, El Cañaveral - Los Berrocales, Vicálvaro-Ambroz-Centro-Valdebernardo-Valderribas, Madrid, Madrid"
538,16,1450,"Piso En Alquiler En Calle Diego Hurtado De Mendoza, Sanchinarro-Valdefuentes, Hortaleza, Madrid, Madrid"
539,8,1450,"Piso En Alquiler En Calle Maria Tubau, Valverde, Fuencarral-El Pardo, Madrid, Madrid"
540,19,1450,"Piso En Alquiler En Calle Ángel Martín Rodríguez, El Cañaveral - Los Berrocales, Vicálvaro-Ambroz-Centro-Valdebernardo-Valderribas, Madrid, Madrid"
541,19,1450,"Piso En Alquiler En Calle Laguna Negra, Vicálvaro-Ambroz-Centro-Valdebernardo-Valderribas, Madrid, Madrid"
542,13,1450,"Ático En Alquiler En Calle Historias De La Radio, Palomeras Bajas, Puente De Vallecas, Madrid, Madrid"
543,5,1450,"Piso En Alquiler En Calle Principe De Vergara, Hispanoamérica, Chamartín, Madrid, Madrid"
544,16,1480,"Piso En Alquiler En Calle Isabel Clara Eugenia, Sanchinarro-Valdefuentes, Hortaleza, Madrid, Madrid"
545,16,1500,"Piso En Alquiler En Avenida Francisco Pi Y Margall, Sanchinarro-Valdefuentes, Hortaleza, Madrid, Madrid"
546,16,1500,"Piso En Alquiler En Calle Dulce Chacon, Sanchinarro-Valdefuentes, Hortaleza, Madrid, Madrid"
547,1,1500,"Piso En Alquiler En Calle Espiritu Santo, Universidad, Centro, Madrid, Madrid"
548,9,1500,"Piso En Alquiler En Moncloa-Aravaca, Madrid, Madrid"
549,9,1500,"Piso En Alquiler En Moncloa-Aravaca, Madrid, Madrid"
550,3,1500,"Apartamento En Alquiler En Avenida Menéndez Pelayo, Niño Jesús, Retiro, Madrid, Madrid"
551,7,1500,"Piso En Alquiler En Calle Almansa, Vallehermoso, Chamberí, Madrid, Madrid"
552,7,1500,"Piso En Alquiler En Calle Isaac Peral, Vallehermoso, Chamberí, Madrid, Madrid"
553,5,1500,"Piso En Alquiler En Calle Corazón De María, Prosperidad, Chamartín, Madrid, Madrid"
554,5,1500,"Ático En Alquiler En Pasaje Doña Carlota, Prosperidad, Chamartín, Madrid, Madrid"
555,7,1500,"Piso En Alquiler En Calle Españoleto, Almagro, Chamberí, Madrid, Madrid"
556,2,1500,"Piso En Alquiler En Calle Oriana, Delicias, Arganzuela, Madrid, Madrid"
